StudentID,Age,Gender,StudyHoursPerWeek,AttendancePercentage,AssignmentScore,PreviousExamScore,SleepHours,InternetUsageHours,AcademicRisk
1,18,Male,15.4,88.3,84.8,91.8,8.0,2.1,Low
2,22,Male,4.3,53.0,56.7,36.8,5.7,5.9,High
3,22,Male,5.2,63.9,46.9,47.7,5.4,6.2,High
4,21,Female,14.6,67.2,63.7,64.4,7.1,3.1,Medium
5,19,Male,1.0,68.4,50.0,52.9,5.1,7.3,High
6,17,Female,6.5,53.9,59.6,39.1,4.2,6.0,High
7,22,Female,18.7,89.9,89.1,75.5,7.7,3.7,Low
8,21,Male,5.1,40.0,50.1,47.4,6.5,7.6,High
9,22,Female,4.5,61.0,53.4,31.9,7.6,6.3,High
10,21,Female,10.0,76.1,75.4,61.0,7.7,4.9,Medium
11,18,Female,3.1,61.7,53.3,47.2,4.5,4.9,High
12,18,Male,4.9,51.1,45.6,53.9,4.9,7.1,High
13,17,Male,13.7,90.7,83.9,88.7,8.7,4.5,Low
14,19,Female,15.0,99.9,96.4,86.5,7.9,2.2,Low
15,21,Female,8.2,88.5,72.6,58.2,6.7,3.0,Medium
16,20,Female,10.0,87.1,89.0,75.9,7.8,2.6,Low
17,19,Male,9.6,62.3,39.7,38.7,5.3,4.4,High
18,17,Female,6.4,61.8,50.7,55.1,7.4,6.1,High
19,21,Female,17.8,93.2,81.9,69.5,7.2,1.9,Low
20,19,Female,13.4,82.1,73.3,64.1,5.8,3.6,Medium
21,18,Female,12.2,63.5,62.4,58.5,8.1,4.5,Medium
22,20,Female,10.7,90.3,75.4,75.8,8.2,0.5,Low
23,21,Male,11.9,75.0,64.2,68.6,7.2,4.9,Medium
24,22,Female,7.9,77.7,69.7,71.5,6.7,1.8,Medium
25,18,Male,7.3,55.7,37.4,54.7,7.6,5.8,High
26,19,Female,17.3,84.3,80.5,72.9,8.0,2.4,Low
27,19,Male,7.7,47.0,52.9,54.2,6.1,8.8,High
28,19,Female,21.0,84.6,93.9,84.1,8.8,3.0,Low
29,20,Male,7.3,65.7,73.2,79.0,7.3,3.8,Medium
30,21,Female,9.4,83.3,83.6,90.0,8.0,3.5,Low
31,21,Female,18.9,80.2,83.0,86.1,7.2,1.8,Low
32,22,Male,18.8,96.2,97.2,80.4,8.4,4.2,Low
33,19,Female,2.5,67.4,53.1,43.2,5.6,7.4,High
34,17,Male,7.6,82.3,63.1,56.9,6.3,3.9,Medium
35,21,Male,21.7,80.2,79.3,76.7,7.1,2.0,Low
36,21,Female,10.5,72.3,76.9,65.3,7.0,4.3,Medium
37,22,Female,17.1,94.7,100.0,79.7,8.4,0.5,Low
38,17,Female,5.5,54.3,50.8,50.4,5.6,6.3,High
39,19,Female,8.4,62.8,67.6,67.6,6.3,4.0,High
40,21,Male,12.4,94.3,92.6,85.0,7.8,3.5,Low
41,17,Female,7.5,65.6,61.0,56.5,6.6,5.0,High
42,22,Male,18.6,81.5,84.9,88.6,7.7,2.3,Low
43,18,Female,10.7,84.5,67.1,73.5,6.8,4.3,Medium
44,21,Female,16.5,66.8,65.0,74.3,7.1,4.3,Medium
45,18,Female,12.7,79.5,67.9,59.2,8.3,3.7,Medium
46,19,Female,17.3,94.8,89.9,75.2,7.5,3.1,Low
47,18,Female,18.1,96.0,98.9,81.9,7.4,3.4,Low
48,17,Female,18.2,87.2,81.2,68.9,7.7,4.2,Low
49,18,Male,16.0,97.5,81.3,76.0,6.9,2.5,Low
50,19,Female,6.1,58.5,38.5,42.1,4.8,6.9,High
51,17,Male,8.0,80.6,62.5,72.9,7.1,4.2,Medium
52,17,Female,6.4,53.0,46.9,58.0,6.6,6.7,High
53,21,Male,2.5,44.6,51.2,33.6,6.1,6.2,High
54,20,Female,19.1,99.1,88.0,94.0,6.8,4.2,Low
55,17,Female,5.7,52.4,50.7,38.5,6.0,7.3,High
56,17,Male,17.0,78.1,94.3,79.6,8.2,1.8,Low
57,21,Male,13.9,76.7,55.2,76.3,5.5,6.8,Medium
58,18,Female,10.4,84.9,67.9,74.0,5.5,5.8,Medium
59,18,Male,12.3,78.7,49.6,71.7,8.3,3.2,Medium
60,22,Male,7.0,69.1,86.0,73.8,6.0,5.3,Medium
61,20,Male,17.9,90.0,79.9,55.2,7.8,5.3,Medium
62,22,Male,17.1,89.5,83.2,91.3,7.1,2.4,Low
63,18,Male,4.4,47.5,45.1,39.5,6.6,9.7,High
64,21,Female,13.6,81.8,57.0,62.7,6.7,5.2,Medium
65,19,Male,9.7,60.8,57.8,50.5,4.9,6.2,High
66,17,Female,13.4,73.8,50.2,71.4,6.5,5.8,Medium
67,18,Male,4.7,62.4,33.2,32.6,4.0,7.7,High
68,22,Female,11.8,64.2,76.2,64.6,7.0,4.7,Medium
69,18,Female,11.6,73.1,69.5,58.7,6.4,4.4,Medium
70,19,Male,20.5,88.7,90.7,73.4,6.5,0.7,Low
71,21,Male,6.8,63.6,69.6,56.8,6.7,4.7,Medium
72,22,Male,9.0,69.9,60.1,68.6,6.5,5.0,Medium
73,22,Male,9.3,71.8,63.7,68.7,6.4,6.3,Medium
74,21,Male,18.7,96.0,80.2,84.9,6.6,1.9,Low
75,20,Male,17.3,83.7,86.7,77.0,8.6,3.1,Low
76,18,Female,22.7,83.4,91.2,68.0,7.1,1.1,Low
77,21,Female,17.3,84.8,84.5,68.4,7.5,1.5,Low
78,19,Male,9.2,64.4,64.0,61.1,7.1,3.7,Medium
79,22,Female,6.2,58.8,53.6,44.0,7.0,6.2,High
80,22,Male,17.9,94.5,79.6,80.1,7.9,2.7,Low
81,22,Female,9.4,64.5,54.8,74.3,6.6,4.0,Medium
82,20,Female,17.3,96.3,75.6,76.7,6.9,3.2,Low
83,17,Female,7.2,64.0,44.6,37.6,6.3,9.8,High
84,20,Female,21.0,95.8,75.5,82.4,6.6,1.4,Low
85,20,Female,5.5,71.4,50.8,71.5,6.4,4.9,Medium
86,17,Male,19.4,84.8,85.3,84.3,6.8,3.6,Low
87,20,Male,8.1,46.8,44.6,40.3,5.7,5.6,High
88,20,Male,4.4,64.8,51.6,37.1,7.6,7.2,High
89,22,Female,8.9,75.4,62.1,77.8,6.7,4.3,Medium
90,17,Female,21.0,92.5,90.7,92.2,7.7,2.7,Low
91,22,Male,11.7,91.8,96.0,83.5,7.8,4.8,Low
92,21,Female,7.7,80.0,60.9,58.5,6.9,3.0,Medium
93,20,Female,5.4,49.1,59.0,54.4,6.0,6.7,High
94,20,Male,13.7,74.2,59.0,69.7,6.1,4.5,Medium
95,21,Male,4.6,49.2,39.9,58.3,6.1,7.0,High
96,17,Female,7.9,52.1,47.5,55.3,4.7,6.8,High
97,22,Male,19.2,93.4,85.5,77.7,7.3,0.5,Low
98,19,Male,12.8,88.3,84.2,78.3,7.6,2.4,Low
99,22,Male,5.6,53.6,52.0,34.5,6.8,9.6,High
100,22,Male,3.3,49.4,59.4,45.4,5.9,4.5,High
101,18,Female,10.4,76.5,78.5,54.3,6.3,3.5,Medium
102,18,Male,9.3,53.1,67.8,31.4,5.7,8.5,High
103,21,Male,10.6,83.9,78.2,59.6,5.6,4.6,Medium
104,22,Female,5.4,65.4,45.7,28.2,6.4,3.8,High
105,17,Male,13.2,82.9,64.9,72.5,6.8,5.9,Medium
106,21,Female,9.6,69.9,73.3,60.8,6.6,4.6,Medium
107,17,Male,15.4,94.1,76.7,84.5,7.8,3.6,Low
108,18,Male,15.3,89.4,89.1,74.0,7.9,1.4,Low
109,20,Male,15.8,83.9,77.4,81.4,8.7,0.6,Low
110,21,Male,8.8,88.9,66.0,59.9,7.9,4.5,Medium
111,19,Female,15.7,82.5,91.1,78.6,6.7,3.5,Low
112,20,Male,8.0,78.1,70.0,65.6,7.3,6.2,Medium
113,20,Female,21.9,91.6,79.3,73.1,8.1,2.5,Low
114,21,Male,9.5,56.8,43.8,40.8,5.4,6.2,High
115,19,Female,15.1,93.4,88.4,78.5,7.8,2.6,Low
116,21,Female,8.5,77.2,75.9,64.8,7.8,5.6,Medium
117,17,Male,6.1,63.9,49.2,46.8,5.9,6.3,High
118,22,Female,13.4,77.7,74.6,51.3,6.9,2.2,Medium
119,19,Female,19.6,96.7,90.1,76.0,7.0,1.8,Low
120,22,Male,13.0,89.4,92.4,89.9,7.3,2.0,Low
121,19,Male,7.6,82.7,64.2,65.6,6.9,5.7,Medium
122,21,Female,15.4,83.7,82.9,80.6,7.4,3.8,Low
123,18,Female,12.2,94.4,91.0,87.3,6.0,2.8,Low
124,17,Female,10.5,56.2,43.8,34.3,5.4,7.3,High
125,22,Female,1.5,55.4,55.4,52.7,5.4,4.5,High
126,19,Female,14.1,78.2,84.4,72.7,6.1,4.1,Medium
127,17,Female,7.7,56.2,52.7,46.2,5.1,7.2,High
128,19,Male,9.4,83.4,60.5,81.2,6.5,3.5,Medium
129,19,Female,11.5,65.5,59.2,75.3,5.8,5.5,Medium
130,19,Male,8.2,79.0,75.7,79.5,5.7,3.3,Medium
131,22,Male,8.0,77.6,72.5,54.2,6.4,4.5,Medium
132,17,Male,4.6,58.7,46.3,46.5,6.7,6.4,High
133,21,Female,20.8,85.4,86.2,83.4,6.8,2.5,Low
134,17,Female,12.7,90.9,88.1,79.1,7.7,4.1,Low
135,19,Female,7.7,82.9,79.8,68.2,5.6,3.9,Medium
136,22,Female,13.0,89.3,88.2,71.8,7.9,4.1,Low
137,17,Female,16.9,92.6,90.2,81.9,7.6,3.0,Low
138,20,Male,11.4,95.1,95.6,69.9,6.8,3.5,Low
139,20,Male,7.3,62.4,44.8,49.1,4.6,5.9,High
140,21,Female,6.6,58.3,63.4,59.1,6.2,6.6,High
141,21,Male,10.7,99.9,83.9,84.0,8.0,1.6,Low
142,20,Male,12.1,64.0,49.1,76.4,6.8,5.0,Medium
143,17,Male,19.8,86.0,75.7,89.6,8.1,1.6,Low
144,19,Female,17.9,89.6,72.9,80.2,7.2,1.8,Low
145,22,Female,19.4,95.8,75.9,72.2,7.9,1.0,Low
146,18,Male,10.7,86.3,60.3,64.3,5.2,4.1,Medium
147,21,Female,12.8,93.1,80.5,81.0,7.9,3.2,Low
148,21,Male,16.3,88.9,80.4,80.4,8.1,3.9,Low
149,19,Male,1.0,64.8,43.5,30.2,6.2,7.3,High
150,17,Male,7.3,73.5,58.9,61.4,7.5,5.0,Medium
151,22,Female,12.5,76.1,72.4,66.6,6.3,1.9,Medium
152,22,Female,14.2,84.0,100.0,76.4,7.5,3.8,Low
153,22,Female,7.2,61.2,41.8,68.0,5.3,3.9,High
154,22,Female,7.1,73.8,80.9,69.2,6.1,5.1,Medium
155,21,Male,11.9,79.1,52.3,71.8,7.6,4.3,Medium
156,18,Male,10.8,84.9,60.7,63.8,6.6,6.3,Medium
157,21,Male,1.1,60.9,44.5,44.9,7.3,5.0,High
158,18,Female,11.4,76.2,81.1,61.3,5.5,4.3,Medium
159,17,Female,15.8,100.0,85.2,92.0,7.4,3.7,Low
160,18,Male,14.8,96.3,78.5,97.2,7.3,0.9,Low
161,18,Male,23.5,90.2,82.5,75.9,7.0,3.9,Low
162,18,Female,18.6,92.3,82.0,81.8,7.5,0.8,Low
163,19,Female,15.5,90.0,89.8,80.0,7.5,3.0,Low
164,17,Male,11.2,63.4,43.5,45.0,7.6,4.5,High
165,22,Male,7.0,68.6,70.9,53.7,5.4,3.7,Medium
166,20,Male,21.6,87.5,91.2,78.5,6.4,3.8,Low
167,18,Female,7.6,85.1,70.6,60.9,7.0,6.0,Medium
168,21,Male,18.0,90.5,90.4,88.2,6.9,2.5,Low
169,22,Male,9.3,84.1,75.2,62.6,6.7,2.7,Medium
170,19,Female,3.1,60.0,65.6,37.4,5.5,3.8,High
171,22,Female,9.0,94.8,99.2,78.9,7.2,2.8,Low
172,20,Male,17.4,92.1,78.2,93.3,7.3,2.4,Low
173,22,Female,7.9,70.3,72.0,70.5,7.6,4.8,Medium
174,22,Male,19.2,85.1,92.1,79.2,7.7,1.1,Low
175,22,Female,18.1,94.6,75.6,75.2,8.3,2.4,Low
176,21,Male,15.8,85.8,95.1,95.0,7.7,2.4,Low
177,21,Female,10.2,77.5,51.9,63.6,7.8,5.5,Medium
178,22,Female,11.9,81.1,67.5,61.5,7.2,4.6,Medium
179,22,Male,13.4,70.8,86.0,69.1,8.0,4.4,Medium
180,21,Male,18.8,91.7,73.6,88.8,7.8,3.3,Low
181,20,Female,12.1,75.9,60.3,63.3,5.0,3.6,Medium
182,18,Male,1.0,54.9,62.0,38.0,5.3,8.2,High
183,21,Female,21.3,95.3,93.0,86.9,7.1,4.3,Low
184,18,Female,12.1,90.3,79.9,89.5,8.0,4.4,Low
185,21,Male,16.4,89.8,84.5,86.1,7.8,2.9,Low
186,21,Female,15.5,84.1,67.7,59.5,7.9,5.5,Medium
187,21,Female,4.6,50.3,40.4,38.1,6.4,8.6,High
188,18,Female,11.5,74.5,76.7,81.2,7.1,6.9,Medium
189,22,Male,11.0,70.4,70.8,48.2,6.2,5.0,Medium
190,21,Female,3.2,64.2,60.5,44.6,7.5,7.6,High
191,17,Male,9.2,71.4,79.1,64.6,8.5,5.3,Medium
192,19,Female,10.6,68.3,64.5,71.8,7.5,4.7,Medium
193,17,Female,10.0,92.0,85.0,74.2,6.7,1.8,Low
194,19,Female,17.6,90.6,86.6,88.9,8.2,3.5,Low
195,21,Female,14.4,96.1,85.9,79.3,8.0,1.6,Low
196,22,Female,21.5,92.2,81.2,88.3,6.8,3.6,Low
197,19,Female,17.6,86.2,89.9,96.4,7.9,2.8,Low
198,21,Female,5.0,78.6,69.5,60.2,6.3,4.4,Medium
199,20,Male,14.9,88.9,87.5,83.7,7.0,2.6,Low
200,21,Male,16.3,72.0,79.4,61.3,7.0,4.5,Medium